<?xml version="1.0" encoding="UTF-8"?>
<section name="Workbench">
	<section name="org.eclipse.ui.dialogs.FilteredResourcesSelectionDialog">
		<item key="ShowStatusLine" value="true"/>
		<item key="History" value="&lt;?xml version=&quot;1.0&quot; encoding=&quot;UTF-8&quot;?&gt;&#x0D;&#x0A;&lt;History&gt;&#x0D;&#x0A;&lt;historyRootNode&gt;&#x0D;&#x0A;&lt;infoNode path=&quot;/myProject/pom.xml&quot; type=&quot;1&quot;/&gt;&#x0D;&#x0A;&lt;infoNode path=&quot;/myProject/src/main/resources/egovframework/mapper/let/cop/bbs/EgovBBSMaster_SQL_oracle.xml&quot; type=&quot;1&quot;/&gt;&#x0D;&#x0A;&lt;/historyRootNode&gt;&#x0D;&#x0A;&lt;/History&gt;"/>
		<item key="ShowDerived" value="false"/>
		<item key="FilterByLocation" value="false"/>
		<item key="WorkingSet" value="&lt;?xml version=&quot;1.0&quot; encoding=&quot;UTF-8&quot;?&gt;&#x0D;&#x0A;&lt;workingSet workingSetName=&quot;&quot;/&gt;"/>
		<section name="DialogBoundsSettings">
			<item key="DIALOG_HEIGHT" value="749"/>
			<item key="DIALOG_WIDTH" value="775"/>
			<item key="DIALOG_X_ORIGIN" value="1036"/>
			<item key="DIALOG_Y_ORIGIN" value="191"/>
			<item key="DIALOG_FONT_NAME" value="1|맑은 고딕|9.0|0|WINDOWS|1|-12|0|0|0|400|0|0|0|1|0|0|0|0|맑은 고딕"/>
		</section>
	</section>
	<section name="BasicNewProjectResourceWizard">
		<section name="ReactCodeMixNewProjectWizard.dialogBounds">
			<item key="DIALOG_X_ORIGIN" value="706"/>
			<item key="DIALOG_Y_ORIGIN" value="234"/>
			<item key="DIALOG_WIDTH" value="525"/>
			<item key="DIALOG_HEIGHT" value="500"/>
			<item key="DIALOG_FONT_NAME" value="1|맑은 고딕|9.0|0|WINDOWS|1|-12|0|0|0|400|0|0|0|1|0|0|0|0|맑은 고딕"/>
		</section>
	</section>
	<section name="ExternalProjectImportWizard">
		<item key="WizardProjectsImportPage.STORE_NESTED_PROJECTS" value="false"/>
		<item key="WizardProjectsImportPage.STORE_COPY_PROJECT_ID" value="false"/>
		<item key="WizardProjectsImportPage.STORE_ARCHIVE_SELECTED" value="false"/>
		<item key="WizardProjectsImportPage.STORE_CLOSE_CREATED_PROJECTS_ID" value="false"/>
		<item key="WizardProjectsImportPage.STORE_HIDE_CONFLICTING_PROJECTS_ID" value="false"/>
		<list key="WizardProjectsImportPage.STORE_DIRECTORIES">
			<item value="D:\GIT\egovSimpleReact"/>
			<item value="D:\dev\eGovFrameDev-4.3.0-myProject_react_works\egovframe-template-simple-react"/>
		</list>
		<list key="WizardProjectsImportPage.STORE_ARCHIVES">
			<item value=""/>
		</list>
		<section name="ExternalProjectImportWizard.dialogBounds">
			<item key="DIALOG_X_ORIGIN" value="706"/>
			<item key="DIALOG_Y_ORIGIN" value="187"/>
			<item key="DIALOG_WIDTH" value="525"/>
			<item key="DIALOG_HEIGHT" value="710"/>
			<item key="DIALOG_FONT_NAME" value="1|맑은 고딕|9.0|0|WINDOWS|1|-12|0|0|0|400|0|0|0|1|0|0|0|0|맑은 고딕"/>
		</section>
	</section>
	<section name="ChooseWorkspaceDialogSettings">
		<item key="DIALOG_X_ORIGIN" value="670"/>
		<item key="DIALOG_Y_ORIGIN" value="296"/>
	</section>
</section>
