<?xml version="1.0" encoding="UTF-8" standalone="no"?>
<libraryInfos>
    <libraryInfo home="C:\eGovFrameDev-4.3.0-64bit-Beta3\eclipse\plugins\org.eclipse.justj.openjdk.hotspot.jre.full.win32.x86_64_17.0.11.v20240426-1830" version="17.0.11"/>
    <libraryInfo home="C:\eGovFrameDev-4.3.0-64bit-Beta3\eclipse\plugins\org.eclipse.justj.openjdk.hotspot.jre.full.win32.x86_64_17.0.11.v20240426-1830\jre" version="17.0.11"/>
    <libraryInfo home="D:\dev\eGovFrameDev-4.3.0-myProject\plugins\org.eclipse.justj.openjdk.hotspot.jre.full.win32.x86_64_17.0.11.v20240426-1830\jre" version="17.0.11"/>
    <libraryInfo home="D:\dev\eGovFrameDev-4.3.0-myProject\plugins\org.eclipse.justj.openjdk.hotspot.jre.full.win32.x86_64_17.0.11.v20240426-1830" version="17.0.11"/>
    <libraryInfo home="C:\Program Files\JAVA\JDK8" version="1.8.0_401">
        <bootpath>
            <entry path="C:\Program Files\JAVA\JDK8\jre\lib\resources.jar"/>
            <entry path="C:\Program Files\JAVA\JDK8\jre\lib\rt.jar"/>
            <entry path="C:\Program Files\JAVA\JDK8\jre\lib\jsse.jar"/>
            <entry path="C:\Program Files\JAVA\JDK8\jre\lib\jce.jar"/>
            <entry path="C:\Program Files\JAVA\JDK8\jre\lib\charsets.jar"/>
            <entry path="C:\Program Files\JAVA\JDK8\jre\lib\jfr.jar"/>
            <entry path="C:\Program Files\JAVA\JDK8\jre\classes"/>
        </bootpath>
        <extensionDirs>
            <entry path="C:\Program Files\JAVA\JDK8\jre\lib\ext"/>
            <entry path="C:\WINDOWS\Sun\Java\lib\ext"/>
        </extensionDirs>
        <endorsedDirs>
            <entry path="C:\Program Files\JAVA\JDK8\jre\lib\endorsed"/>
        </endorsedDirs>
    </libraryInfo>
    <libraryInfo home="C:\PORTABLE\OpenJDK\jdk8u402-b06" version="1.8.0_402">
        <bootpath>
            <entry path="C:\PORTABLE\OpenJDK\jdk8u402-b06\jre\lib\resources.jar"/>
            <entry path="C:\PORTABLE\OpenJDK\jdk8u402-b06\jre\lib\rt.jar"/>
            <entry path="C:\PORTABLE\OpenJDK\jdk8u402-b06\jre\lib\sunrsasign.jar"/>
            <entry path="C:\PORTABLE\OpenJDK\jdk8u402-b06\jre\lib\jsse.jar"/>
            <entry path="C:\PORTABLE\OpenJDK\jdk8u402-b06\jre\lib\jce.jar"/>
            <entry path="C:\PORTABLE\OpenJDK\jdk8u402-b06\jre\lib\charsets.jar"/>
            <entry path="C:\PORTABLE\OpenJDK\jdk8u402-b06\jre\lib\jfr.jar"/>
            <entry path="C:\PORTABLE\OpenJDK\jdk8u402-b06\jre\classes"/>
        </bootpath>
        <extensionDirs>
            <entry path="C:\PORTABLE\OpenJDK\jdk8u402-b06\jre\lib\ext"/>
            <entry path="C:\Windows\Sun\Java\lib\ext"/>
        </extensionDirs>
        <endorsedDirs>
            <entry path="C:\PORTABLE\OpenJDK\jdk8u402-b06\jre\lib\endorsed"/>
        </endorsedDirs>
    </libraryInfo>
    <libraryInfo home="C:\eGovCI-4.3.0_64bit\bin\openjdk-17.0.13+11-windows-x64" version="17.0.13"/>
</libraryInfos>
