<?xml version="1.0" encoding="UTF-8"?>
<section name="Workbench">
	<section name="InstallationDialogSettings">
		<item key="DIALOG_X_ORIGIN" value="211"/>
		<item key="DIALOG_Y_ORIGIN" value="-234"/>
		<item key="DIALOG_WIDTH" value="584"/>
		<item key="DIALOG_HEIGHT" value="728"/>
		<item key="DIALOG_FONT_NAME" value="1|맑은 고딕|9.0|0|WINDOWS|1|-21|0|0|0|400|0|0|0|1|0|0|0|0|맑은 고딕"/>
	</section>
	<section name="WorkbenchPreferenceDialog.dialogBounds">
		<item key="DIALOG_X_ORIGIN" value="258"/>
		<item key="DIALOG_Y_ORIGIN" value="10"/>
		<item key="DIALOG_WIDTH" value="919"/>
		<item key="DIALOG_HEIGHT" value="1030"/>
		<item key="DIALOG_FONT_NAME" value="1|맑은 고딕|9.0|0|WINDOWS|1|-12|0|0|0|400|0|0|0|1|0|0|0|0|맑은 고딕"/>
	</section>
	<section name="PropertyDialog.dialogBounds">
		<item key="DIALOG_X_ORIGIN" value="568"/>
		<item key="DIALOG_Y_ORIGIN" value="154"/>
		<item key="DIALOG_WIDTH" value="928"/>
		<item key="DIALOG_HEIGHT" value="562"/>
		<item key="DIALOG_FONT_NAME" value="1|맑은 고딕|9.0|0|WINDOWS|1|-12|0|0|0|400|0|0|0|1|0|0|0|0|맑은 고딕"/>
	</section>
	<section name="NewWizardAction">
		<section name="NewWizard.dialogBounds">
			<item key="DIALOG_X_ORIGIN" value="706"/>
			<item key="DIALOG_Y_ORIGIN" value="222"/>
			<item key="DIALOG_WIDTH" value="525"/>
			<item key="DIALOG_HEIGHT" value="500"/>
			<item key="DIALOG_FONT_NAME" value="1|맑은 고딕|9.0|0|WINDOWS|1|-12|0|0|0|400|0|0|0|1|0|0|0|0|맑은 고딕"/>
		</section>
	</section>
	<section name="ImportExportAction">
		<item key="ImportExportPage.STORE_SELECTED_IMPORT_WIZARD_ID" value="org.eclipse.ui.wizards.import.ExternalProject"/>
		<list key="ImportExportPage.STORE_EXPANDED_IMPORT_CATEGORIES">
			<item value="org.eclipse.ui.Basic"/>
		</list>
		<section name="ImportExportWizard.dialogBounds">
			<item key="DIALOG_X_ORIGIN" value="706"/>
			<item key="DIALOG_Y_ORIGIN" value="187"/>
			<item key="DIALOG_WIDTH" value="525"/>
			<item key="DIALOG_HEIGHT" value="550"/>
			<item key="DIALOG_FONT_NAME" value="1|맑은 고딕|9.0|0|WINDOWS|1|-12|0|0|0|400|0|0|0|1|0|0|0|0|맑은 고딕"/>
		</section>
	</section>
</section>
